{
  "5e4e6d0d8ea8c9feb3f0e44f": {
    "name": "Skyblock Forceful",
    "guild_leaderboard": {
      "lb_type": "position",
      "types": [
        "skills",
        "slayer",
        "catacombs"
      ],
      "ignored_ranks": [
        "manager",
        "officer"
      ],
      "default_role": [
        "rookie",
        "member"
      ],
      "ranks": [
        {
          "range": 5,
          "names": [
            "elite"
          ]
        },
        {
          "range": 15,
          "names": [
            "trainee",
            "kings"
          ]
        }
      ]
    }
  },
  "5fea32eb8ea8c9724b8e3f3c": {
    "name": "Skyblock Gods",
    "guild_leaderboard": {
      "lb_type": "position",
      "types": [
        "weight"
      ],
      "default_role": [
        "member"
      ],
      "ranks": [
        {
          "range": 5,
          "names": [
            "skyblock god"
          ]
        },
        {
          "range": 20,
          "names": [
            "skyblock king"
          ]
        },
        {
          "range": 60,
          "names": [
            "elite"
          ]
        }
      ]
    }
  },
  "5fbea1f38ea8c9d1008d4940": {
    "name": "Ironman Sweats",
    "guild_leaderboard": {
      "lb_type": "position",
      "types": [
        "skills",
        "slayer",
        "catacombs"
      ],
      "ignored_ranks": [
        "co-master",
        "officer"
      ],
      "default_role": [
        "ironman"
      ],
      "ranks": [
        {
          "range": 5,
          "names": [
            "god"
          ]
        },
        {
          "range": 15,
          "names": [
            "king"
          ]
        }
      ]
    }
  },
  "60062d798ea8c9e004b033cb": {
    "name": "BananaRepublic",
    "guild_leaderboard": {
      "lb_type": "amount",
      "ignored_ranks": [
        "officer",
        "lobbyist"
      ],
      "default_rank": {
        "requirements": [],
        "names": [
          "customer"
        ]
      },
      "ranks": [
        {
          "requirements": [
            [
              {
                "amount": 4500,
                "type": "weight"
              }
            ],
            [
              {
                "amount": 35,
                "type": "skills"
              },
              {
                "amount": 28,
                "type": "catacombs",
                "convert_from_level": true
              },
              {
                "amount": 500000,
                "type": "slayer"
              }
            ]
          ],
          "names": [
            "shareholder"
          ]
        }
      ]
    }
  },
  "61072a0b8ea8c9d8ce9ba88e": {
    "name": "Big Shrimps",
    "guild_leaderboard": {
      "lb_type": "amount",
      "ignored_ranks": [
        "officer"
      ],
      "default_rank": {
        "requirements": [],
        "names": [
          "tiny shrimp"
        ]
      },
      "ranks": [
        {
          "requirements": [
            [
              {
                "amount": 6000,
                "type": "weight"
              }
            ]
          ],
          "names": [
            "shrimp"
          ]
        },
        {
          "requirements": [
            [
              {
                "amount": 8000,
                "type": "weight"
              }
            ]
          ],
          "names": [
            "big shrimp"
          ]
        },
        {
          "requirements": [
            [
              {
                "amount": 10000,
                "type": "weight"
              }
            ]
          ],
          "names": [
            "sweaty shrimp"
          ]
        }
      ]
    }
  },
  "5fe788ff8ea8c9855c128080": {
    "name": "Ban Deez Nuts",
    "guild_leaderboard": {
      "lb_type": "amount",
      "ignored_ranks": [
        "team"
      ],
      "default_rank": {
        "requirements": [],
        "names": [
          "member"
        ]
      },
      "ranks": [
        {
          "requirements": [
            [
              {
                "amount": 11500,
                "type": "weight"
              }
            ]
          ],
          "names": [
            "nuker"
          ]
        },
        {
          "requirements": [
            [
              {
                "amount": 45,
                "type": "catacombs",
                "convert_from_level": true
              }
            ]
          ],
          "names": [
            "cata"
          ]
        },
        {
          "requirements": [
            [
              {
                "amount": 55,
                "type": "skills"
              }
            ]
          ],
          "names": [
            "skill"
          ]
        }
      ]
    }
  },
  "62ae64938ea8c90da91fe139": {
    "name": "142billion",
    "guild_leaderboard": {
      "lb_type": "amount",
      "ignored_ranks": [
        "jakedoodoo",
        "water"
      ],
      "default_rank": {
        "requirements": [],
        "names": [
          "member"
        ]
      },
      "ranks": [
        {
          "requirements": [
            [
              {
                "amount": 8000,
                "type": "weight"
              }
            ]
          ],
          "names": [
            "admin"
          ]
        }
      ]
    }
  },
  "5ec41dcb8ea8c98d63a2803d": {
    "name": "TheEssentials",
    "guild_leaderboard": {
      "lb_type": "amount",
      "ignored_ranks": [
        "staff"
      ],
      "default_rank": {
        "requirements": [
          [
            {
              "amount": 1500,
              "type": "weight"
            },
            {
              "amount": 24,
              "type": "skills"
            },
            {
              "amount": 200000000,
              "type": "networth"
            },
            {
              "amount": 50000,
              "type": "gxp"
            }
          ]
        ],
        "names": [
          "normies"
        ]
      },
      "ranks": [
        {
          "requirements": [
            [
              {
                "amount": 200000,
                "type": "gxp"
              }
            ]
          ],
          "names": [
            "active"
          ]
        }
      ]
    }
  },
  "62d6e74e8ea8c92961332738": {
    "name": "BlackPast",
    "guild_leaderboard": {
      "lb_type": "amount",
      "ignored_ranks": [
        "administrateur",
        "modérateur"
      ],
      "default_rank": {
        "requirements": [],
        "names": [
          "nouveau"
        ]
      },
      "ranks": [
        {
          "requirements": [
            [
              {
                "amount": 1209600,
                "type": "duration"
              }
            ]
          ],
          "names": [
            "membres"
          ]
        }
      ]
    }
  },
  "5ea610b98ea8c9ab72c4dc39": {
    "name": "Salty Slayers",
    "guild_leaderboard": {
      "lb_type": "amount",
      "ignored_ranks": [
        "staff",
        "jrstaff"
      ],
      "default_rank": {
        "requirements": [
          [
            {
              "amount": 500000000,
              "type": "networth"
            },
            {
              "amount": 24,
              "type": "catacombs",
              "convert_from_level": true
            }
          ]
        ],
        "names": [
          "midgame",
          "member"
        ]
      },
      "ranks": [
        {
          "requirements": [
            [
              {
                "amount": 2500000000,
                "type": "networth"
              },
              {
                "amount": 35,
                "type": "catacombs",
                "convert_from_level": true
              }
            ]
          ],
          "names": [
            "lategame"
          ]
        },
        {
          "requirements": [
            [
              {
                "amount": 10000000000,
                "type": "networth"
              },
              {
                "amount": 45,
                "type": "catacombs",
                "convert_from_level": true
              }
            ]
          ],
          "names": [
            "endgame"
          ]
        }
      ]
    }
  },
  "6215ce3b8ea8c95a8a9d86b6": {
    "name": "Skill n Chill",
    "guild_leaderboard": {
      "lb_type": "amount",
      "ignored_ranks": [
        "expert",
        "master"
      ],
      "default_rank": {
        "requirements": [
          [
            {
              "amount": 2500,
              "type": "weight"
            }
          ]
        ],
        "names": [
          "rookie"
        ]
      },
      "ranks": [
        {
          "requirements": [
            [
              {
                "amount": 4500,
                "type": "weight"
              }
            ]
          ],
          "names": [
            "apprentice"
          ]
        },
        {
          "requirements": [
            [
              {
                "amount": 6500,
                "type": "weight"
              }
            ]
          ],
          "names": [
            "skilled"
          ]
        }
      ]
    }
  },
  "63cae4db8ea8c999a1004b22": {
    "name": "Skill N Chill 2",
    "guild_leaderboard": {
      "lb_type": "amount",
      "ignored_ranks": [
        "skilled",
        "master"
      ],
      "default_rank": {
        "requirements": [],
        "names": [
          "novice"
        ]
      },
      "ranks": [
        {
          "requirements": [
            [
              {
                "amount": 2500,
                "type": "weight"
              }
            ]
          ],
          "names": [
            "rookie"
          ]
        },
        {
          "requirements": [
            [
              {
                "amount": 4500,
                "type": "weight"
              }
            ]
          ],
          "names": [
            "apprentice"
          ]
        }
      ]
    }
  },
  "63c5f00b8ea8c999a1004845": {
    "name": "Plumber Joes Party",
    "guild_leaderboard": {
      "lb_type": "amount",
      "ignored_ranks": [
        "moderator",
        "inactive"
      ],
      "default_rank": {
        "requirements": [
          [
            {
              "amount": 220,
              "type": "level"
            },
            {
              "amount": 2000000000,
              "type": "networth"
            }
          ],
          [
            {
              "amount": 220,
              "type": "level"
            },
            {
              "amount": 30,
              "type": "catacombs",
              "convert_from_level": true
            }
          ]
        ],
        "names": [
          "sponge"
        ]
      },
      "ranks": [
        {
          "requirements": [
            [
              {
                "amount": 260,
                "type": "level"
              },
              {
                "amount": 5000000000,
                "type": "networth"
              }
            ],
            [
              {
                "amount": 260,
                "type": "level"
              },
              {
                "amount": 35,
                "type": "catacombs",
                "convert_from_level": true
              }
            ]
          ],
          "names": [
            "wet sponge"
          ]
        },
        {
          "requirements": [
            [
              {
                "amount": 320,
                "type": "level"
              },
              {
                "amount": 15000000000,
                "type": "networth"
              }
            ],
            [
              {
                "amount": 320,
                "type": "level"
              },
              {
                "amount": 45,
                "type": "catacombs",
                "convert_from_level": true
              }
            ]
          ],
          "names": [
            "plumbers sponge"
          ]
        }
      ]
    }
  },
  "5f08f4428ea8c91f4e30145f": {
    "name": "25FPS",
    "guild_leaderboard": {
      "lb_type": "amount",
      "ignored_ranks": [
        "storm",
        "necron"
      ],
      "default_rank": {
        "requirements": [],
        "names": [
          "bonzo"
        ]
      },
      "ranks": [
        {
          "requirements": [
            [
              {
                "amount": 864000,
                "type": "duration"
              }
            ]
          ],
          "names": [
            "livid"
          ]
        },
        {
          "requirements": [
            [
              {
                "amount": 2592000,
                "type": "duration"
              }
            ]
          ],
          "names": [
            "sadan"
          ]
        }
      ]
    }
  },
  "643322a68ea8c97beea092b3": {
    "name": "TheHex",
    "guild_leaderboard": {
      "lb_type": "amount",
      "ignored_ranks": [
        "co-owner",
        "head officer",
        "moderator"
      ],
      "default_rank": {
        "requirements": [
          [
            {
              "amount": 200000000,
              "type": "networth"
            }
          ]
        ],
        "names": [
          "members"
        ]
      },
      "ranks": []
    }
  },
  "645face78ea8c90b385c922c": {
    "name": "EtherealVortex",
    "guild_leaderboard": {
      "lb_type": "amount",
      "ignored_ranks": [
        "bridgebot",
        "staff"
      ],
      "default_rank": {
        "requirements": [
          [
            {
              "amount": 100,
              "type": "level"
            }
          ]
        ],
        "names": [
          "initiator"
        ]
      },
      "ranks": [
        {
          "requirements": [
            [
              {
                "amount": 180,
                "type": "level"
              }
            ]
          ],
          "names": [
            "explorer"
          ]
        },
        {
          "requirements": [
            [
              {
                "amount": 260,
                "type": "level"
              }
            ]
          ],
          "names": [
            "overlord"
          ]
        }
      ]
    }
  },
  "6420b34e8ea8c9ed87b9aa35": {
    "name": "Eternitea",
    "guild_leaderboard": {
      "lb_type": "amount",
      "ignored_ranks": [
        "staff"
      ],
      "default_rank": {
        "requirements": [
          [
            {
              "amount": 20,
              "type": "skills"
            }
          ]
        ],
        "names": [
          "novice"
        ]
      },
      "ranks": [
        {
          "requirements": [
            [
              {
                "amount": 30,
                "type": "skills"
              }
            ]
          ],
          "names": [
            "gardien"
          ]
        },
        {
          "requirements": [
            [
              {
                "amount": 38,
                "type": "skills"
              }
            ]
          ],
          "names": [
            "ancien"
          ]
        },
        {
          "requirements": [
            [
              {
                "amount": 42,
                "type": "skills"
              }
            ]
          ],
          "names": [
            "inquisiteur"
          ]
        }
      ]
    }
  },
  "652f38558ea8c9dca6f34ff5": {
    "name": "Sb Secs",
    "guild_leaderboard": {
      "lb_type": "amount",
      "ignored_ranks": [
        "coowner",
        "recruiters"
      ],
      "default_rank": {
        "requirements": [],
        "names": [
          "midgame"
        ]
      },
      "ranks": [
        {
          "requirements": [
            [
              {
                "amount": 160,
                "type": "level"
              }
            ]
          ],
          "names": [
            "lategame"
          ]
        },
        {
          "requirements": [
            [
              {
                "amount": 250,
                "type": "level"
              }
            ]
          ],
          "names": [
            "endgame"
          ]
        }
      ]
    }
  }
}
