<?xml version="1.0" encoding="UTF-8"?>
<!--
  ~ Skyblock Plus - A Skyblock focused Discord bot with many commands and customizable features to improve the experience of Skyblock players and guild staff!
  ~ Copyright (c) 2021-2023 kr45732
  ~
  ~ This program is free software: you can redistribute it and/or modify
  ~ it under the terms of the GNU Affero General Public License as
  ~ published by the Free Software Foundation, either version 3 of the
  ~ License, or (at your option) any later version.
  ~
  ~ This program is distributed in the hope that it will be useful,
  ~ but WITHOUT ANY WARRANTY; without even the implied warranty of
  ~ MERCHANTABILITY or FITNESS FOR A PARTICULAR PURPOSE.  See the
  ~ GNU Affero General Public License for more details.
  ~
  ~ You should have received a copy of the GNU Affero General Public License
  ~ along with this program.  If not, see <https://www.gnu.org/licenses/>.
  -->

<configuration>
    <appender name="STDOUT" class="ch.qos.logback.core.ConsoleAppender">
        <encoder>
            <pattern>%d{HH:mm:ss.SSS} %boldCyan(%-34.-34thread) %red(%10.10X{jda.shard}) %boldGreen(%-15.-15logger{0})
                %highlight(%-6level) %msg%n
            </pattern>
        </encoder>
    </appender>

    <root level="info">
        <appender-ref ref="STDOUT"/>
    </root>
</configuration>